product_id,highlight
MLC621083881,Chip A17 Pro ultra rápido
MLC621083881,Cámara de 48 MP con zoom 5x
MLC621083881,Pantalla ProMotion 120Hz
MLC621083881,Titanio Azul premium
MLC621083881,128GB de almacenamiento
MLC677194340,Chip A17 Pro de última generación
MLC677194340,Sistema de cámara triple
MLC677194340,Dynamic Island
MLC677194340,Titanio Natural elegante
MLC677194340,Batería de larga duración
MLC204267746,Potencia del chip A17 Pro
MLC204267746,Fotografía profesional 48MP
MLC204267746,Diseño premium en negro
MLC204267746,USB-C de alta velocidad
MLC204267746,Resistencia IP68
MLC928744140,Chip A17 Pro de 3nm
MLC928744140,Triple cámara 48+12+12 MP
MLC928744140,256GB para todas tus fotos
MLC928744140,Acabado Titanio Azul
MLC928744140,ProMotion 120Hz fluido
MLC137702355,Rendimiento A17 Pro
MLC137702355,Cámara con modo nocturno
MLC137702355,256GB de capacidad
MLC137702355,Titanio Natural sofisticado
MLC137702355,Carga rápida 27W
MLC474475489,A17 Pro máxima potencia
MLC474475489,Sistema de cámara Pro
MLC474475489,Almacenamiento amplio 256GB
MLC474475489,Diseño en Titanio Negro
MLC474475489,Always-On Display
MLC473630929,Procesador A17 Pro
MLC473630929,Fotografía profesional
MLC473630929,512GB máximo almacenamiento
MLC473630929,Color Azul exclusivo
MLC473630929,Pantalla siempre activa
MLC403211283,Chip A17 Pro eficiente
MLC403211283,Cámara triple avanzada
MLC403211283,512GB sin límites
MLC403211283,Acabado Natural premium
MLC403211283,ProRes y Log video
MLC882941432,Máximo rendimiento A17 Pro
MLC882941432,Sistema fotográfico Pro
MLC882941432,512GB para profesionales
MLC882941432,Titanio Negro icónico
MLC882941432,Conectividad 5G ultra rápida
